-- phpMyAdmin SQL Dump
-- version 5.2.1
-- https://www.phpmyadmin.net/
--
-- Hôte : 127.0.0.1
-- Généré le : mar. 29 avr. 2025 à 05:13
-- Version du serveur : 10.4.32-MariaDB
-- Version de PHP : 8.2.12

SET SQL_MODE = "NO_AUTO_VALUE_ON_ZERO";
START TRANSACTION;
SET time_zone = "+00:00";


/*!40101 SET @OLD_CHARACTER_SET_CLIENT=@@CHARACTER_SET_CLIENT */;
/*!40101 SET @OLD_CHARACTER_SET_RESULTS=@@CHARACTER_SET_RESULTS */;
/*!40101 SET @OLD_COLLATION_CONNECTION=@@COLLATION_CONNECTION */;
/*!40101 SET NAMES utf8mb4 */;

--
-- Base de données : `trivio`
--

-- --------------------------------------------------------

--
-- Structure de la table `admins`
--

CREATE TABLE `admins` (
  `id_admin` int(11) NOT NULL,
  `first_name` varchar(100) NOT NULL,
  `last_name` varchar(100) NOT NULL,
  `email` varchar(100) NOT NULL,
  `password` varchar(100) NOT NULL,
  `created_at` timestamp NOT NULL DEFAULT current_timestamp()
) ENGINE=InnoDB DEFAULT CHARSET=utf8mb4 COLLATE=utf8mb4_general_ci;

--
-- Déchargement des données de la table `admins`
--

INSERT INTO `admins` (`id_admin`, `first_name`, `last_name`, `email`, `password`, `created_at`) VALUES
(3, 'Abdelouahab', 'Meridja', 'test@esi.dz', 'test', '2025-04-29 01:17:20');

-- --------------------------------------------------------

--
-- Structure de la table `answers`
--

CREATE TABLE `answers` (
  `id_answer` int(255) NOT NULL,
  `id_question` int(255) NOT NULL,
  `answer_text` text NOT NULL,
  `correct` int(1) NOT NULL
) ENGINE=InnoDB DEFAULT CHARSET=utf8mb4 COLLATE=utf8mb4_general_ci;

--
-- Déchargement des données de la table `answers`
--

INSERT INTO `answers` (`id_answer`, `id_question`, `answer_text`, `correct`) VALUES
(86, 44, '2', 1),
(87, 44, '7', 0),
(88, 44, '4/2', 1),
(89, 45, 'TRUE', 0),
(90, 45, 'FALSE', 1),
(93, 47, 'TRUE', 1),
(94, 47, 'FALSE', 0);

-- --------------------------------------------------------

--
-- Structure de la table `attempts`
--

CREATE TABLE `attempts` (
  `id_attempt` int(255) NOT NULL,
  `id_student` int(255) NOT NULL,
  `id_quiz` int(255) NOT NULL,
  `corrected` int(11) NOT NULL,
  `score` float NOT NULL DEFAULT 0,
  `attempt_at` timestamp NOT NULL DEFAULT current_timestamp()
) ENGINE=InnoDB DEFAULT CHARSET=utf8mb4 COLLATE=utf8mb4_general_ci;

--
-- Déchargement des données de la table `attempts`
--

INSERT INTO `attempts` (`id_attempt`, `id_student`, `id_quiz`, `corrected`, `score`, `attempt_at`) VALUES
(40, 2, 54, 1, 2, '2025-04-29 00:55:18');

-- --------------------------------------------------------

--
-- Structure de la table `published_quizzes`
--

CREATE TABLE `published_quizzes` (
  `id_published` int(11) NOT NULL,
  `id_quiz` int(11) NOT NULL,
  `student_number` int(11) NOT NULL,
  `published_at` timestamp NOT NULL DEFAULT current_timestamp()
) ENGINE=InnoDB DEFAULT CHARSET=utf8mb4 COLLATE=utf8mb4_general_ci;

-- --------------------------------------------------------

--
-- Structure de la table `questions`
--

CREATE TABLE `questions` (
  `id_question` int(255) NOT NULL,
  `id_quiz` int(255) NOT NULL,
  `duration` int(11) DEFAULT NULL,
  `question_text` text NOT NULL,
  `question_number` int(11) NOT NULL,
  `points` float NOT NULL,
  `question_type` varchar(50) NOT NULL,
  `created_at` timestamp NOT NULL DEFAULT current_timestamp(),
  `question_percentage` int(11) NOT NULL DEFAULT 0
) ENGINE=InnoDB DEFAULT CHARSET=utf8mb4 COLLATE=utf8mb4_general_ci;

--
-- Déchargement des données de la table `questions`
--

INSERT INTO `questions` (`id_question`, `id_quiz`, `duration`, `question_text`, `question_number`, `points`, `question_type`, `created_at`, `question_percentage`) VALUES
(44, 54, 0, '1+1 = ', 1, 1, 'multiple-choice', '2025-04-29 00:22:03', 0),
(45, 54, 0, 'Math is fun', 2, 1, 'true-false', '2025-04-29 00:22:03', 0),
(47, 55, 0, 'React is a javascript framwork', 1, 1, 'true-false', '2025-04-29 01:07:02', 0);

-- --------------------------------------------------------

--
-- Structure de la table `quizzes`
--

CREATE TABLE `quizzes` (
  `id_quiz` int(255) NOT NULL,
  `title` varchar(255) NOT NULL,
  `description` text DEFAULT NULL,
  `duration` int(11) DEFAULT NULL,
  `correctionType` varchar(100) NOT NULL,
  `id_teacher` int(11) NOT NULL,
  `subject` varchar(255) NOT NULL,
  `status` varchar(100) NOT NULL DEFAULT 'draft',
  `score` float NOT NULL,
  `for_year` int(11) DEFAULT NULL,
  `for_groupe` int(11) DEFAULT NULL,
  `created_at` timestamp NOT NULL DEFAULT current_timestamp(),
  `nb_attempts` int(11) NOT NULL DEFAULT 1,
  `image` blob DEFAULT NULL,
  `navigation` varchar(100) NOT NULL DEFAULT 'dynamic'
) ENGINE=InnoDB DEFAULT CHARSET=utf8mb4 COLLATE=utf8mb4_general_ci;

--
-- Déchargement des données de la table `quizzes`
--

INSERT INTO `quizzes` (`id_quiz`, `title`, `description`, `duration`, `correctionType`, `id_teacher`, `subject`, `status`, `score`, `for_year`, `for_groupe`, `created_at`, `nb_attempts`, `image`, `navigation`) VALUES
(54, 'Simple Math Quiz', 'quiz to test your knowledge', 30, 'auto', 12, 'Maths', 'published', 100, 2, 9, '2025-04-29 00:20:23', 1, NULL, 'linear'),
(55, 'Online Assesment', 'brief assesment to test you course understanding', 10, 'auto', 12, 'Algorithms', 'published', 100, 2, 9, '2025-04-29 00:23:11', 2, 0xffd8ffe000104a46494600010101006000600000ffdb0043000302020302020303030304030304050805050404050a070706080c0a0c0c0b0a0b0b0d0e12100d0e110e0b0b1016101113141515150c0f171816141812141514ffdb00430103040405040509050509140d0b0d1414141414141414141414141414141414141414141414141414141414141414141414141414141414141414141414141414ffc000110800dc011b03012200021101031101ffc4001f0000010501010101010100000000000000000102030405060708090a0bffc400b5100002010303020403050504040000017d01020300041105122131410613516107227114328191a1082342b1c11552d1f02433627282090a161718191a25262728292a3435363738393a434445464748494a535455565758595a636465666768696a737475767778797a838485868788898a92939495969798999aa2a3a4a5a6a7a8a9aab2b3b4b5b6b7b8b9bac2c3c4c5c6c7c8c9cad2d3d4d5d6d7d8d9dae1e2e3e4e5e6e7e8e9eaf1f2f3f4f5f6f7f8f9faffc4001f0100030101010101010101010000000000000102030405060708090a0bffc400b51100020102040403040705040400010277000102031104052131061241510761711322328108144291a1b1c109233352f0156272d10a162434e125f11718191a262728292a35363738393a434445464748494a535455565758595a636465666768696a737475767778797a82838485868788898a92939495969798999aa2a3a4a5a6a7a8a9aab2b3b4b5b6b7b8b9bac2c3c4c5c6c7c8c9cad2d3d4d5d6d7d8d9dae2e3e4e5e6e7e8e9eaf2f3f4f5f6f7f8f9faffda000c03010002110311003f00fd48a28a2b9ce40a28a2800a28a2800a28a2800a28a2800a28a2800a28a2800a28a2800a28a2800a28a2800a28a2800a28a2800a28a2800a28a2800a28a2800a28a2800a28a2800ab117fab155eac45feac55c773486e57a28a2a0cc29b237971b375da09a7532605a1900193b4ff2a008bed0e1b0554f6e33f953fed09c739fa0e950ee258e15882c1bee91d871d3daa192174555c618316ce188fd2802e9b8418e73f4a885e7fa415fe0c7dec55410cb8224030cdb880adf98c74fa53b69876e5582ab67907a7f8d005c6ba8d739c8fc29cb708c71c8e71c8aa1bc490c9b096e57a03c9cf5fad4cd9dccc11cee618f94fa8a00b6f22c78cfe14dfb426dce7db1deab33bcbf3321031b7a1f63f5a6089f717da76e31d0faff002a00b7f68403afb631cd1f6a4f7f5e955b07746c15b0bb870a7be71dbb7f5af2cf8d5fb4b7c3efd9f74f8e7f186bb1da5db0dd069900f32ee6ff007631d07fb4d85f7a4da5ab136a2aecf60560ca08e41a86f750b5d36dda7bbb986d605eb24ce1147d49afca0f8bff00f055af1d78aa7934bf875a341e19b124c71ddccbf6abd93b640c6d5cfa0048f5af9cfc4973f17be2a48da978b7c47a8794dc99b5ad40c4833fec67207e15e6e2331c3e1ff8924bd5d8f2b1199e1b0abf7924bd5d8fda8f10fed29f0b3c2aec9aa78fb41b665ea05e23e3fef9cd72cdfb717c0859361f899a2e7fdf7c7fe835f8e5e1bf8156de2269cc5e2bb2bb6848130b14f342939c7cdb87a1ae8bfe199ed36f3adcd9ff00ae23fc6bc3abc4d82a52e494b5f497f91e055e2ac0d19724a7afa4bfc8fd8ad0ff006a8f845e2491534ef885a14ecdd01ba09ffa162bd1f4bd734ed72dfcfd3750b5d421ff009e96b32cabf9a935f827e24f8056de1fb55b99fc516f690b388d5af21d8a588240ddbbd8f6ed50e83a27c49f02c89a9783fc4534cb172b3e83a9138ff80823f406baa8e7d83ac9494d5bceebf3475d0e22c1574a4a6acfbdd7e6ac7eff00d15f8f9f0a3fe0a81f163e19de47a7f8d6ce2f18584642c91dfa1b7bc51ed201c9ff007d5abf42ff0067dfdb4be19fed151c76da26adfd97e21db97d0b54222b9f7f2f9db28ff7493ea057bd4eb42a2f759f454f114eafc2cf78aadf697cf45c64fafae2acd52c9e46d619c83f237a9f6adce82c0b85dbcfdefeef7a5fb42601ce73dbbd549217557cafdf20f39e3db8a8bcb9fe62c176b0c7dc6c1fea2802dc9778991579538cf1ea71cfa5486ea31dce3d71545a32b1cca158060b86607d79c9ff001a71996469769e48ce30723a71401705d4673c9c7738a919c22e49c0aa499e18a3f1f2fdc3d307fad2abc8ca81918041cf073d31f8fad0059f3d39c9c63d4527da13b923db1551636f351c29da9d4007f4cf5a0236d4c2b1dac09c29f4c7a75a00b62e90e3af3d38eb522b891720e455065631b0d8f92770f94fa1feb56e03b8c870402dc6411d85004b5622ff00562abd588bfd58ab8ee690dcaf45145419851451400514514005232875208c8a5a280235855581e491d37126a4a28a0029af22c68ceec111464b31c003d69d5f993ff050cfdb9ae2f6fefbe15fc3bbe611231b7d6354b46f9a57e86de323b03c311d4f159d4a8a9c6eccea548d38f348ebbf6c6ff82965bf83ee2f7c1bf0a658750d690986ef5fc0786d9ba158474771fdefba0fad7e7bde787f51f12de4fe2bf885aedca3de379af2ddc865bcba3ec0f207f2a20d3b4ff8576715eeab1c7a878a665f320b06f992d01e8f27ab7b7ffaea087e1ef8d7e247827c4bf112485ae341d1648e2bbbd99f6aef90e15231dc8ee07415f2d2c457cc25fb97cb0fe6effe1f2fef7dddcf909e27119949aa0f969ff3757fe1f2fef3f977239be2743a1c6d6be11d2e1d223c6d37b22896ea4f7dc7a7d29fe2ef85bf112ded7c3da9ebda56a72bf88559f4c8e70cf35c28eacb1f5dbcf1c57d8df12ff64293e1e7c11f84da9f82be1f5c78e0da345e24f14eb96d246cd7085148b78d376f6400b1c2a900007924e20fda17f6b8f00f89f54d37e297c38f1b6b9a3fc44d36d459d9e83a8e968f6b042d80e8bc1553fed02738aeea380a386bcadef77ddbf9bdcefa396d0c2de56f7bbbd5bf9bd59f34fc0bb5d4fc1fe3bd5340d62c6e74bbb9ad43b5b5d44d1b865391f29ff659abdf2be64d33e2bf883c73f1aacfc59e28d526d5357beb858ee2ea63ced65d807b000f03dabe9bafcb789e8aa78d5516d24bf0d3f2b1f92f165054f1eaa476925f869f958f17fda224bbd5a7f0f6816104d79777123cc2de042eeedc2a00a392797ae07c1bf077e21eb9e23d434cd0b44d4a2d7f4db56bd96cd55a1b9f297ab2a9c16fc2b5be2bf8e353d0be3041aae8b7d2d86a3a2f946d6ea06c3c522fcf907d4331afa43e037ed69e1ad53c6d69f13fe3278fb5b1e33d151ad34fb1d174b40b3db9037095c001f77a1c62bef723c342180a54e7d55dfcf53f43c830b0a79752a73eaaefe7a9f2bc3f13af25074df1669b16bb6f1931b7da1365cc447070e390454a7c1b06a1b759f036a733cf6e44bf632fe5dddbb0e4152319c7a8e6bee4f837fb3dc3fb4f78f3e2af8b3c43f0c2f341f879e3881aeb41d6a668a39ac27462cb32a6e0c038627214a9e0720e47c3d27c21f187867c1b7de3fd397cff000fe99abbe9126a56726764ca78623fb8dd8fbd7554cb9d1fde615f2bedf65faae9eaac75d4cb1d0fde611f23d74fb2fd574f5563ecff00d90ffe0a61a86817969e0ef8c13497565b8410788dd7f7d01e805c0fe21fedf51df3c9afd3bd3752b4d634fb7beb1b88aeecee10490cf0b064752320823a8afe7ea1934ff8b96fe44de569be2e45fdd4bc2c57d81f74fa3d7d27fb09fedada97c09f1345f0f7c797131f085c4de4c725c925b4b949c679ff009664f51dbad7760b1fed1ba55572cd6ebf55dd79fde7a180cc7dab746b2e59add7ea9f55e7f79faf745476f7115d411cf0c8b2c322874910e55948c820fa5495ee1f40151fd9d38ea47a1638a928a0028a28a0028a28a0028a28a002ac45feac557ab117fab1571dcd21b95e8a28a8330a28a2800a28a2800a28a2800a28aada96a56da3e9b777f7b32dbd9dac4f3cf339c2a46aa5998fb0009a00f94bfe0a21fb5337c03f864ba0e857423f19788d1e1b6643f35a5bf4927f63ced5f739ec6bf287c370c5e08d10f8b7544fb4ead745869b04dc9dc7accd9eb5d8fc60f88d79fb547ed19adf896fa478f4832b7911b9e2dac22e117d891c9ff69cfad797f8d35bb9f19eb977756b6f2369f671ed8a3890958205214138e8324727b915f298da8f195bead1f856b2f4e8be7d7cbd4f8fc7d478eaff00558bf756b2f4e8bfedeebe5ea7aafec93f0353f69ff8c97ba6ebd7d3a585a69d73abea1346dfbd9153015549f57741f4cd7b77c35f8b9e06f859fb38b7c2bf8cfe02f162e9326a72ea16f358c66d935204fc8198b2b71d719c722bd67c79f01ef3e15cde11f8c1f0afc6be1df87de1ad3fc15696936a97cc19354970e48f2c0f9d993caf52481c715f0b7c40f8b9f11ff6a0f165ac5e25d7a6d69e263e5211b2dedd7f89c20e1462bd59b860e9de5a5beeb1ebce50c0d3bcb4b7dd629eb1f1335fd4f56d43c3bf0f359f17693e09b895858f8725d666915233fc2ea8421e73dbbf53d4d11e03d13c2e824f15eafb6e7aff0066e9f8797e8cdd16b43fb4ce9b750f847c036b36a3ab5dc82de4beb78cbdc5d484e3644072067d3ad7bc785bf64ff097c2fbed3d3e2d5cea7e2df881a8289ad3e1b784ff007f7cd9e41b99064443d49e9ef5e4d3862b30778b7087fe4cff00f915e5bfa1e352a78bcc9de2dc21ff00933fbfe15e5bfa1f3dda78e346b1b848fc39e0ab69a6539496fb75cc848efb7b1fa574ff00f0b43e2738f317c352797d78d2e6dbf9e6bf457e1efc03f8c375a7c6be19f087c3ef817a4300638e4b01ac6a9b7fe9a39c2abfba9359fe22f03fc69f01fc5dd0bc33e29f8e3aa5ae81e23430e93abd969d6eb6e2f5464db4d1953b770e54e79c62bb7fd5fc24f5aab99f9ddfe6ceff00f56f07535acb99f9de5f9b3f35f53f8816d7d78fff00094f82acdae2439925891ed6627d7d49fa9a817c27e17f16ff00c8bbaabe9f7c7a69faa606e3e8ae38fcebf55bc6dfb3a7c6486c655bf5f87ff1974dc7cfa76bba30d3aed97bedb88b396f4c80335f21f8f3f654f04fc40d7a5d0fc3767a97c1df8a383247e0af15b8369a811ff3e5763e57f600fe1513c99d157c2cdc6dd2f75f73bafbac454c8dd157c24dc6dd2edaff00c05dd7dd63e6487c69e34f0398bc33ac6bde26b5f0cf98ab77a2d9eab2c30cf0646f555c94e46704a91cf4aface3f8dbf0bf51fd9cfc63f0d3e0bfc3ef195dea1e20810dd59de62ee2b59148ccfb81383818f9700fa0af98b509b54f07eb177e03f89ba55cdb4b68fe49374845cd9376653fc4bdfd08e4545e1df1a78e7f668f190d4fc23af4fa73ce9ba2bbb56cc3771751b87461ed5961f1738d4f61885697e0d797ea8c70b8ca90a9f57c4ab4bbf46badaff8ae9e675dfb517ecef07c05b3f86dabe957572f6be25d122be6171f2cb0dda05128e808196523d32476ae26fb67c54f0dbdf2aa8f1469b1ff00a4051837708fe3ff007877afbe3e02fc33f117ed43e3ef04fc5bf883e36f0e7c42f0ce9d63750dee910a888e96cd0498f3623c70e4124e3f848c815f9db7575ff08278f2ef50d14c9368d0ea3710d95c953e5dcc29211807a3654ae7ea2af1d85724ab52d24be1fd53f27ff04d330c239255e8e925f0fe174fc9ff005b1fa53ff04bdfdaaa5f1a686ff0a7c4d7864d674984cba44f337cd3daafde8b27ab47dbfd9ff74d7e8157f3f2de21bdf839f14bc37e3ef0a4c600b347a9d932fddc83fbc89bd882548f46afde0f867e3ed3be297c3fd03c5ba4b6eb0d5ece3ba8c67250b0f990fbab654fb835e9e0712b13454d7f5e5f2d8f532ec54715454d7f5e5f27a1d3514515e89ea05145140051451400514514005588bfd58aaf5622ff00562ae3b9a4372bd150fda97241057eb8a4fb52f39040fc2a0cc9e8a805e0e7e461c67b7f8d491cc24ce060f5a007d14514005145140057caff00f0525f8aaff0d7f666d5eced66f2b51f114aba54454e1846df34a47b6d1b4ffbf5f5457e5cff00c1613c64f71e2cf02f85d24cc56d692df3a83d1ddb68cfe0a2b1ad2e5836615e5cb4db3e2bd34ffc22bf0a6f6f87c97baf4ff6588f71027df23ea723f2af74fd866f7c2be18d5bc67a2fc46960f0de97e35f0d4d65a6eb1abc7b6db2770dc18f1d70473d52bc37e29c4f6f3785fc3b02966b2d3a25318ef34872df9fcbf9d7d79e06f8adf062c7e0a784fc23f1b7c33a97fc261e0079d2dbc3ed6ac1afbccf9903371f2f39e4e3bf35f3995ae78bc43de6dbf96cbff2547cc650b9e32c4b7acdb7af6d92ff00c0523e72fda7347f845e11d4747f0d7c2ad7b5bf161b28dbfb4b59beb956b39a438c2dbc6a8381c92d9239039e4d72da9337c3ff0008dbe8f680ff006f6b48b25d3a0f9e388fdd8c7b9a9b435b0f89df16351d5bfb320d1b4c92edaf469d66b88ade104b08c67b0000af62fd93fc23a5fc42f8edaa7c42f10ffa4f84fc236b36bd748e07cc6107c98f1d392011ee2a6ac3eb98a8d0fb2b57ff00b6fe4dfc9135a9bc6e323875f0af79fdfeeaf4d1bf923d7fe057c19d5be025be81e18f0a585b6a3fb4878dac8dd7daef10496fe0cd29b86b8907389581c0cf24fca38043fd69fb16f84fc19f0ebc33aed9dc4b68ff00126df55b8b2f126b1a85c892ff0050b857cacacee7704646460a3819239eb5f166b9fb62df7ecf3f0f7c4de227d16ecfc7df89d7475092e6fa11e4e9ba632ffa1088e4ee4119f9578f98306fbb5f9e77dadf88752f144fae5fea97773ab5f4ed2dc5eadc9f3a4909c92581ce6bec21054e3ca8fb7a7054e2a313fa77bfd52cf4bd3a7bfbbba8adaca08ccb2dc48e151100c9627a6315f2eeb7a6ea5fb706a16d0466ebc3ff000674bbd4ba8b548730ea1aedd44d9492da4fbd0428dc89170cc47040e6bf21be01fc60f16dc7c4cf0a685e28f12eb1ac7806eb5bb48355d1efb5191e1b9b7f3977c64337231dba1afe85ecfecda6dac7696b6cb6d6d6eab12431a8548d40c050070001566878db7c1cf89de07fdef81be2ddf6ad6e9c8d17c7f691ea50bffb22ee211dc27d59a4fa1af917fe0a29fb516a3e12f8636fe0bf887f06ed878af522cfa7eadf6f13d840c98ff49b599364cb20382148423be475fd298e4120270463820d7c07ff00058cf00af8abf677d27c450c1bee741d5118b0033e5caa54fe1c03401f27fc23f1f587edede021f0d7c71730dbfc6bd0ed19fc29e2798857d6224059ac6e5bf89f009563cf7ecdbfc5f40b4b9d52df53f87dafc2f6baad94920b35b818782e1090f11cf4c9078af0ff0009ea1adf837c41a5f88f469decb54d3678ef6d6689f122323060c3f115f6afed7563178d1be1d7c7af0cdb2dac5e33b049efe28b0ab1ea30fcb301fef153f80cf7af0f34c1fb7a5cd0d24b54fb3e8ffcfc8f9fcdf05f58a3cf0d24b54fb3e8ff0047e4792fecf763f0dae3c7f3e89f166fb5dd1344bb89ad9352d1ae163fb24f9e1a6568db721e9c7438ce4648f75fdaf2cfc0b0fc2bf865f0d3e18eab6de3bbaf0dc5797d79aa68e8241e43bb36e94ae70d8233cf1b7d315f3afc4cb5fec5f17e99e2286de296d75048b5048e401a3760416561dc120e47a1afb0ecbe3f7c06d3fe1bf8a354f87fe14bad1fe26f8b7471a23785edad99e2133919788f3f29f6e4f1c573e0eb2c450527a5d7cfcd7de71e06b2c4e1d49d95d7cfcd7de7c71a29ff0084a7e16eada737cf77a2482fadfd7c96e245fa0ebf957e92ff00c124be2a3f88be14ebfe08bb9b7cfa0ddfda6d558f2209ba81ec1c13f57afcddf8636775e1bf898fa0eaf6d25a4b709369b796d28c3212a7e523d77002be8cff00825cf8a25f07fed493e832bec8f54b1b8b3906782f19dca3f35ae3c0cbd8e2ea51e8ed25ff006f5d3fc55fe67165f2f618dab47a3b497fdbd74ff157f99fb17451457d41f5c145145001451505c48c8c30703693d3dc5004f45575b8287127f2e73e94a2ed39c823f23f85004f5622ff00562b364bc1b0850436703a75f4abd62ccf6aa5bef6483f813571dcd21b99b25b3ccd8c6de73f328e39cf5ff0a568649370da46ecf61c64f3ce79abb45419947cb931feadb918ede82a7b75656f994ae171fa9a9e8a0028a28a0028a28a002bf1cbfe0a8378daa7ed6d1e9ec731c3a7d94607fbfc9fe75fb1b5f8ddff000537b76b0fdb08dd30c47258d8383fee8e6b8b197f64ec70e36fec5d8f9e7e2243a86b1f192e2db4b824bbd45ae2086d6de35dccf20440aa077248afb57c6dfb5e787b56f076af79a37c2fd5ff00e17cae83fd8dab5d5cd8029a5c51a15967cfde071923818ee7e5e7e2bf1d5cea1a3fc6b9aeb4c0dfda50de5bcd6db7a9936a32e3f1c57da7f13ff690f10fc5af06f8cfc23e16f84f7fe1ef89bab698afe32d42e231108ad604cbb8240203053d7ae4f5af272b6960e9d9fd98fe478d94351c0d2e57f663d3cbf33e30f84d711dae97e35bc95d9645d2d82ba8c90ccdd7fcfad7d17fb3de9d059fec7de346b7126ff1478ab4af0cf99f75da39a55dc33f5af9a7e1a8f3b43f1a5a0e647d2da403d76b0ff1afa3fe06eb8b69fb0ff88352589ae3fe111f1ee8fae5c431fde68a39149c7e78fc68cbb5c6d6bf97fe93ff000e195bbe3ab5fcbff49ff8731bfe0af5649e1bfda2bc21669be1857c256451628d5022a5cdd271c75f96be257d52d3ce81c9f364593719047b4e3d0fa9afd2bfdba3f657f8d9fb526976bf195fc3d69a7cf6364b676be0eb77f32fe3b00cf2ac8ee3e5694b48c4a2f418c66bf2f6f2ce7d3eea5b6ba824b6b9858a490cc851d18704107906beacfb23a2d26f03cf69385987d9af04c8d10ce7e6cf3e95fd25fc31f18da7c40f0468bad595dc37cb7f656f72ef0c8ae033440b0383c104915f913ff04f9ff82736a5f1b6eacfc79f106dee34bf00c6c24b5b06cc736ac477f558bfdaeaddb8e6bf41b5cff827df8374bbf9355f863e21f107c27d618ef0da05eb1b566f5681c956fc6803e9a5f386709b431e738f403d7eb5f217ed63ad5c7ed39a66bff01be1d58c3adeb6c8a759d6ae1ca69fa36de555e550732b1000403201c9ae7be215f7ed23e01d67c1ff000d35ef1d6857ba3f8e753fec4b6f1a5a59b43a859e22795818f3b4c8c91b2ab7404f4afadfe137c25f0e7c17f075b7873c3567f67b58f2f34f21df3dd4a79796573cbbb1c924d007f3c7f197e0ff008aff0067ff001b3e8be38d1ee748d5a08cac685774172bc8124520f9590fb57d2df0e7518fc5dff04e1d55672d2cbe11f14c6f0b1e4c6b3ae180f6e0fe66bf4dff006eaf843e16f8b1fb34f8e5bc43a5c77975a268f79aa69b758c4d6d71142cea51ba804a80c3a11f863e08f1b783fc3ff097f64ff8f5a5786d1e2f0fb78e6db46b0591f7b31b64549493dcefdc4fd6b1adfc391857fe14bd0f95fc5d70ba87c24f07cc726586e2e6027fd9dc368fd2beb8fd9eff006acf06782fe1bf822e7e267c3bd4effc59e1a8e51e11d6ecec411a8a1dc8b11738c946cae791c0ee39f8ff00c49fe8bf097c270b70f35cdccc07b0207f5afadff675f8ef7bf04fe12f84341f885f0cefbc5da7dc5d36b3e08bbb44590b4fb88310e0ff0010271d7935f2f95cbdd96b65cd2ffd299f2194c9f24f5b2e69ff00e94cf94f5fbcd7c7c783a8f8934e9f48d6eef598ef2e6cee6331c91f99206c153c8e1abd4ff658ba6d0ff6eaf0bac67689b5d789b1e8e189fe75e6fe3ef10788bc71fb45deea9e29b392c3c417dae23dd59c830d031947eec8edb471f857a2feccd6edaa7edd9e13d83708f5f2edf450c0ff002acd7fc8c55bf97ff6e464bfe466adfcbffb72ff00827ee1d14515f547d805145140054170accc30a4fca46476e454f450054f264760e472a77738e4ff00faaa03672b642b1519c91b157f977ad2a28033feccf90db0b38604b1500e3d38eb5a9660adb8c8c12cc71f5626a3ab117fab1571dcd21b95e8a28a8330a28a2800a28a2800a28a28018d3468d867553e848afca6ff0082bd785fec9f143c1de21840315f69ad6eeea7fe5a46e703fef922b8aff828778b3c576ffb63f89747d1bc41aa58c5245a7a436d6d7d2c51866b58ba05600649fd6bcb35bfd9efe2e788d625d5eee4d5044498d6fb5469b667ae37138af031f9ae130bfbbc4d4506f6bb4b63c9c46263ad3968715f16a676f10689af5bbed37fa7dbdd2c8bd448a307f1185afa37c4bff0520d47c49f05f51f0ebf83ad6dfc77a9e98ba25f78b239f99ed0020e63db9de41232588e49af1693f659f88d3471a496f6ce918c22b5e82147a0f4a8ff00e1943e20ff00cf9d9ffe05ad7cfe1339cbb0b455158a869a6eb6e9f81e460a5f53a0a8a9eda7cba7e071ff0009f538f4ff0019db433902def91ece4ddd30e3033f8e2be8cfd88c5a6a9e26f899f03f5c9d2dedbc6ba4cf636af31c22de459685bf40df45af245fd94fe2123065b4b35607208bb504559b7fd997e275aea097d088a1be46dcb731dfed914fa861c83452ce72da58975e38986a926aeba5ff00cc28ca34714f11192b34935e97fd19fb13fb1e7c5793e267c0dd206aefe478afc3eefe1fd7ad66204915f5b7eedf70edbc05907b38af22fdb93f676f8697c3c2bf12ef7c27a65c6a5a6f88f4f5d567540a2e6ce49446fe705203852ca79cf435f9cf67f03fe3469f35ccd6babdd5b4b74fe64f243acba34adfde621be63ee69f7df057e366a56af6d79adde5d5bc9f7e19f5a91d1b072320b60f2057b5feb4657ff3fe3ff8123defed4a7dbf13f75ec3ec369636f0d9f910dac68ab14716155540e0003a0c558fb445ff003d53fefa15f84cbf08be3a2a803c45a88038006bb2ff00f154bff0a8fe3aff00d0c7a97fe0f65ffe2a8ff5a32bff009ff1ff00c0907f6a53edf89fa99fb71347a67807c0de310ea53c1de38d175a9994f221f3fecf27e1b6e0e7dabe8cfb445ff3d53fefa15f83f7df04fe35ea96b25adeeb579776d27df867d69dd1b07232a5b0791563fe151fc75ffa18b52ffc1ecbff00c551feb4657ff3fe3ff8120fed4a7dbf13f56bf6e6f8b9e1af869fb34f8e61d63538e0d475fd22f347d26cd3e79aeeee685a38d11072402c0b1e80726bf397f6c09aebe1c7c15f857f08ae66f3fc5975e6f8a7c49b4fcdf6ebb62db1fdc1623fe015e5fa9fc01f8c1ad4d0cba8dfcd7f2c1cc4f75ab348d1f20fca589c7201e3d0554d4bf66bf8a5ac5f1bebf74bebd38cdc5cea3e649c74f989278ac6b713659520e31af05ff6f230ad9842ad3708e97f338cf8b12a595e691a144c19349b2489f1d3cc61b9bf98fcabe84f80ff00f05059be0f7c21b0f09dff0082ad7c4dabe8124d2787355b89f6ad81941ddb9369dd82cc4608ea457924dfb2b7c44b891a496dad64918e599ef0127ea699ff000ca1f107fe7cecff00f02d6bcbc267396e169c60b150badddd6af77f89e460e4b074a308cf55bbeedeadfde61f80f54bdf1dfc625d7b58b83717735c4da95e5c3f760198b7fdf58af7aff826d6887c67fb5dc1acc80791650ddea12337f0b3642fead5e4b0fecb3f11ad599a1b7b689994a9297a14907a8e3b55bd1ff66ff8abe1f9de6d2a51a6ccebb5a4b3d48c4cc3d0952322953ce32c8e25e2258983d12f89746dfe37fc054f9238a78894afa256f46dfe37fc0fde65b88988024424f60c2a4afc32fd9ef5ff001be83fb597c3bf0feb7e22d5a5922f12d941736efa8cb246d99972a416c118afdcdafb7c3d78e220aa4367b1f4f46aaacae90514515d26e145145001451450015622ff00562abd588bfd58ab8ee690dcaf451454198514514005145140051451401f8cdfb7cffc9fc6abfefe97ff00a4b0d78cfed25aa5edbfc62d7638af2e2240cb85495801f28ed9af66fdbe7fe4fe355ff7f4bffd2586bc3ff698ff0092cdafff00bcbffa08af85c4c54b3a85d7d89ffe9513e72b7f1dfcff0033cebfb6f51ff9ff00baff00bfcdfe347f6dea3ff3ff0075ff007f9bfc6a9515ecfb38764163ea5b5fd80ff685bbd061d663d223fb04d6e2e9246d7adc13195dc0ed32e7383d3ad721f0cff654f8d9f173c233f89fc33a2dd5d68713bc7f6bb9d4e2b61232fde0825914b63d40c57db1fb6b43f0f6d7e1efc39d4bc6de2fd7b44d49bc2e6df48d2743dd8b994223192623a2728bf89f4af26fdad35ad67c27fb21fecfcfe14d5efb4cd0e6b191663a75c3c2b24c5727794233c96ebef5db2c3518b7a6de9fe47a13a14e2df923e57f843f08fe21fc73f126a9a1783d65d4353d36ca4bfb98a5d4161090a3a2330676009dcea3039e6974ff00847f11353f85dab7c42b7595bc2da5dcfd92eee8dfa86493206026edc793d40afa53fe092b1bddfc76f1bc41c2bcde10b94dee7804dd5a8c9fcebd675df863e1af04fec27e37f0fe85e2a8fc56ede208a1d4af2de32914772d3209234fef2af4cd4470d4e50e6b77338508ca1cfebf81f1dfc22fd94fe36fc70d0ceb5e14d0ef6e347ced4bdbcd423b48e53923f77e6ba9719046541190467357bc13fb1dfc73f88b06b72f87b499350fec6bf974cbc5fed8823297119c3a8df20079ee3835fa4f71f0efc7bff0d6df0a9b44824d33e12f84f40119b65b910dbcb70f04e842c79fde32830f63b4027b9af9fbc71a95ee87fb287c7cbed3efae6c2ed7c7f75b26b595a37189fa8653915abc2d28ad63dcd9e1a115adfa9f1968bf007e2ceb5f1793e182e957f65e366479069b7d7620caac6642c1d9b611b549041c1ed5a3f0dff663f8c7f163c4de21d0fc35a55ddedcf87eea4b3d4a67bf58ede09918ab2798ce158e54f0b9e99e95fa21e1dba1af7c7ffd937c49a8ed7f136a9e0dd4db5199c7ef1c0b2565dddfefc937e66bc87e2b6b5a8783ff0062bf8ad7da4de4fa65ede7c51d4627b8b391a290afda8f05d4838e2a7eab495db5fd5913f57846edf4bfe49fea7c7fff000cf5f1757e325b7c2c9b49beb6f1b5c867874fb8be48d24458da42eb297f2caec46390dce3039e2a3d07e03fc50f12d8f8daef4eb796787c1b726d3593fda48a60903942002ff3fcca795cd7e90d8a4faafed2dfb2aeb77b279facdcf84b5237170e32efb6c89e4f7e6490ff00c08d787fc1f693fe152fed9373864906a770dbb3b591bcf94fe74beab493dbbfe5713c3c13fbff002b9e456fff0004edfda3eeada29e3d12331ca8245275fb61f291907fd6d7ce3e2cb2f10f827c4faaf87f56ba9e0d534cb992d2ea24ba2e125462ac032920e083c8afb9be1bfc48f165c7fc12f7e296b6fe26d65b5ab1d72d6dedf523a84c6e228cdd5882a926edca30cc300f4623bd7e7ededf5c6a5793ddddcf2dd5d4eed2cb3cce5de4763966663c9249c926b2a9469452e58ee635614e2a3cab75726fedbd47fe7feebfeff37f8d753f0b758bf93e2278751ef6e1d5af63055a5620f3f5ae26babf855ff2523c39ff005fb1ff003af33194e1f56aba7d97f91c92f859ee7e0cff009481784bfec6fb2ffd1c95fb7b5f885e0cff009481784bfec6fb2ffd1c95fb7b5dd917fc8be8ff00863ffa4a3d4c0ff0c28a28af7cf4428a28a0028a28a002ac45feac557ab117fab1571dcd21b95e8a28a8330a4660aa58f000c9a5a8ee3fd449fee9fe54007da13bee03d4a9c549551b6891891f36e1ce3f8702a02c42296cb1dc46304f1db18ef401a54cf397ccd9ce7d7b567099a6e30dbb7614ba9c63d3d8fbd2aafceac4fce5b6338eb8fad007e3cfedf3ff0027f1aaff00bfa5ff00e92c35e1ff00b4c7fc966d7ffde5ff00d0457b97fc140aea3d2ff6c5f12ea12db2b7d94e9727ca30c40b68491cfe55c778abe2d7c2bf16eb5aa5feadf0f6e2eaf78779fed6e8cddbf86403a7b57c2660ab51cca38985294e2a325eedb76d3ead763e76ba6ab39257dcf9b28af7bb5f1a7c1d6694ff00c2b3bb12247bd637be94eef7c79b4f8bc69f07e49999fe18dc24823deb1fdba4c37e1e6fe954b32acd7fba54ff00c93ff9333e67fcac83f6a4fda6d3f68f5f032a680da10f0ce95fd9bf35d79fe7fddf9feeaedfbbd39ae8be0efed8563e15f84375f0cfe20f82adfe20785519a6d39269c452d8c841e558ab640272071df9ac98fc63f071e6b677f86b70af246ecd1fdb64038e871e6f14db7f1dfc1b905a37fc2b39b331287fd324ff00e3b5aff6ae239b9beab52fff006e7ff266dedaa737359ddfa153f64bfda5adff00663f1ff88bc46fe1f935d8b55d1e6d292da3bb16e62df2c5207dc51b38f2b18c0ebd6aff0083ff006ab87c2ffb3eebff000da4f0ecb773ea9ac26aa353fb68511e1d5ca18f61c93b7aeefc2b2a4f1f7c198e4643f0daf0ed247fc7fcbffc769bff000b0be0cffd135bcffc0f97ff008ed66b37c4474584a9ff00927ff2642c44e2ac93fc3a9ec1abff00c145af356fda53c1df131bc3b7aba1f87b4b96c17c36754f924778a646943f978073229e549f900cd2fc3ffdbcfc29a2f86fc69a078b7e19378a747f116bf3eb9f6393515444323ef11b0311ddb4f7e3e95e3dff000b0be0cffd135bcffc0f97ff008ed1ff000b0be0cffd135bcffc0f97ff008ed57f6d62af7faa54ff00c93ff932feb556f7b3fc0faf3f648f889e2ffdab7f6ccb3f8a0744b7d1fc19e0fd325d3c5ac12af976314b04a90c6070ceccc598b05c00a738e0578fe87fb61e81e09f107c53f0378cfc1f07c43f879ab78a6fb54b6b75b81134721b8721d5b04152307fad71be13fda5bc11e03d0f5ad1fc3be18d7344d375a554d42dec7569a2172aa1800c44b9c619875e4120d72bff000b0be0cffd135bcffc0f97ff008ed57f6d622cad83a97ffb73ff00932beb52b2b45df5bec74be3efdb83c53e23f8f9e16f88fa2585be850f856316ba3e8e0ef8a3b7c32bc6e78dc5d5d83118e08c6302bd47c6ff00f0507f06788be1778ef41d1fe140f0f6bfe338b1aaea16ba82f972cdff003d4af9793d4f19efd6bc27fe1617c19ffa26b79ff81f2fff001da3fe1617c19ffa26b79ff81f2fff001da859ce255ffd92a6bfe0ff00e4c858aaaafa3d7d0b9e13fda720f0d7ec95e33f82efe1e92e65f106a115f2eb02ec2ac1b25b793698b61ddff1ef8cee1f7bdabc3974dba923122c0ec846410335ecbff0b0be0cff00d135bcff00c0f97ff8ed6aff00c275f099a3b2317c38be236f056fe51b79effbda9fed5af2df09534ff07ff2643ab295af17a7a1f3ef4aeabe157fc948f0e7fd7ec7fcebd64f8dbe0d492ddcc3e1d5c48eae179bc9587b9c79952e95f11fe11e8bacaded97c39bc82eadcacb14a6e64611bfaed321fe558e231b5ead19d3585a9769afb1d57f8c96db56e566c78261793f6fef0b48ab944f17d8ee39e999d2bf6eabf0dbe0debf0f8bbf6c6f096bb15b7d9fed3e27d3a68e36e4a6674afdba9146e7ee00e0e4e7b73ef5f4b93d3951c152a73566a314fe491eb60972d3b32fd154234191c75e33ce7382722a56b812c6833c91ce38edfe35ed1e816a8acf5661322676a375db914833b53b6e600a8e074e6803468ace3f2c6c401c1f7f4279e79e95721f977af656c0cfd01feb4012d588bfd58aaf5622ff00562ae3b9a4372bd14515066148ca19482320f06968a008c5bc639db4ad0a39c95c9a7d1400c30a1fe11e94c92d51d480369f5a9a8a00f23f1b7eca9f0c3e24788aeb5df13f84ac356d52e84626b998316708a15075ec001f8561ff00c30c7c0c2589f879a5e5bef70dcfeb5ef1454f2c7b13c917d0fccefda8bc59fb35fece7e33bdf08c5f05975af145a451bb3487c8b60b220742afb897183ce00e4119af893c71f1107c4dbf78bc39f0fb46f0f46c7e58b46b479251ff006d1896afb63fe0b03f0b3cbbef057c45b687fd623e897d201dc1696027f39867d85789fc2ad4adb55f036993dbc3140447e5c8b12051bd783d3bd7c8679994f2c829c61cd776ed63e2b3fcd2a6550538d3e6bbb76b1e1da0fc0af1a7882656fb27d95d87fcb77cb91dfe55c9e95dff0084ff0064cd475c4b96fed392e3ec30b5d4eb6aaaa638c100b7cc79ea3a0afa97e07f8d5bc21e23bc8d16f636d4ad4da8bcd31435cdb10cafbd011f30f930cbdc135d3f847479fc31f1be7d2751bd86ea2d7ecee22fb62a089254b889991caf1b7e6c71d8d7c6c737c662a34e519f2a94b95d92d2fb6aeeff000b1f111ce71b8c8d3946a72a94b95d92d2fb6adb7afa5bccf04f865fb0de9de3ad33fb4ede469ed63d421d3e669a66dd1bc83e572aa3ee9385ebd4d6a7c3bfd997c13ab6b9ac41ab59ad9e9fa3c124f773247e6c98560b85527ae4d7bd7ecd1f1434ef85f6fe2e8b559e116f24f64fe44c46645595924d83bb05937f1fdc15cb5978c3c3ba27c51f190b8bdff8a6f5a1756ff6c8137ec1236f470bd4807b0ac1e279e8e1eacebb72937cc9c9f9a5b3565a6a73bc573d0c3569d76e526d49393b754b66acb4d4e2be1cfecffe05f16fc578fc3305b4777a4486e3cabbb3b70b2ccb1c4ee9b55c7058a8183eb5cdf8c3e1bf86747f115f58daf87cda4303ec106a10a89d0e0643e0019cd7a1f843c71e0df87ff1820d52c6faea6f0ddb7991acb294f3dc342c85b6f1d598903b0c570fe23d4f405d5e61a46aaf7965c149af36472b1c739018ff003af1eb559fd5b497bfcf2bd9bdacad6eb6bdf53c5af56a7d57497bfcf2bd9b7a595add5abdf5fbc93e1bfc17f02f8dbc48ba6eb3a7985654db6f169f68249a794b28541d80c12c49eca6a3b1fd947c27e28f887aaf86eda1b48ad2c1e732ea512315f2a324170aa79278c007926bb6f847e35f0c681a7789e3d435a9346d56feda3b5b2d4ad21170f0465899c01b86d2c022ee1c805ab6ff0067df18685e11f166b2350be8e1b6bbb3920b5be9d4ec570c0a3301923a03f515d985aaff007109d46b99bbbe66acbb3d7af7d346bccecc1d676c3c2a556b99bbbe66acba27ae97efa68d5ba9e0bf10bf630d27c33e3e97c2503dc49a83491470340f8f37cc0a5386e990c383d2b89f88dfb17eb1e02d412d25d521df2a7991365668e4192a70e871c1041f422bebdbb974af8d9f1f2faeae6e88d1cab4819a4113dca4318088a5beeb39551cf4dd9ed5cef89bc59343f136c65f11e8d14761a3491c71e87672058e2854ee58c3739ce7258e4b12735db2ccb11454ea53aaf95cf962deaacbbe8fa79ddf63be599e2282a9529d67c8e7cb16fde564fae8dede777db73e16f117c03f19f86e4749b4b69caf24427e6c7fbad83fa569f807e295a7c399a3b1f147c39d1bc476d1f0d0ea504904f8eff3a9073f5afd01fda7b5fb3d4aebc33696cf74b2ad9b5f5c5bdd05dd1c970de6e32bc742a318e0015f27fc71d4adb4df01dd79b1452cd704431798818a93d48cf702bd8a79ed7a78d5839454f54aeb4dfcb5d8f6a9f1057a58f5829454f54aeb4dedbad76f96c7d2dfb28c9fb33fed35e209bc3d63f07df42f10c168d793231f36dfcb565527cc041072eb8057bd7d42bfb09fc0d590baf8074f0e7ab65b3fcebe73ff008243fc2cfec9f01f8afc7b730e27d5ee574fb5761ff2c61c9623eaec41ff007057e8457e934a2a504e48fd4a8c54a09c91e29e1cfd8cfe0ef847c4163ade91e0ab2b2d56c674b9b7b98cb6e8e442195873d4100d7b04763b4f518e87ad5ba2b7492d8e85151d911fd9e3db8d8319cd02de35c80839a928a6318214191b473d693ecf1f3f2d49450047f678ff00b83a629c91ac630a303ad3a8a002ac45feac557ab117fab1571dcd21b95e8a28a8330a28a2800a28a2800a28a2800a28a2803c37f6d5f85bff000b77f66df18e8d143e6dfc16df6fb30073e74277a81f5c11f426bf1f7e03f8fb4ff0ee9fa9d8ead7896902b09a26909efc10057ef8cf0a5cc32432a878e4528ca7b8230457e5f5c7fc1257c4fe28f89de21bab9f1369be1df08cba84b2d998a36b9b968598b00231b55719c72d9e3a57899ae5f1cc68fb196cff0043c0ce32d8e6747d8cb67dbc8f066fda92c3c1faa457de1e37926a16edba2b88f11053ea09ea3f0ae3bc51fb51f8d7c71ad4976a8b26a131ff0059b4cb21ec001fe02bf4562ff824efc25b3f036a5a6a5e6b57de23b8b72b6fadde5d63ecd2f50cb0c6150ae7a86ddc13ce79afcfab13e2cfd8dfe2f6a1e1cf1569ac6dc3ecb88f6e5678b3f2cf0b1ebc73fa1af9aad91d2c061a4e8d2f6925aa8b968dfe57f91e0478770983a7cbc9ccb7d5b6afe9b5fe4633693f1a3c49a7cd7e9a56b82cd2332b32db9886d1c9201009fc2bcb2ebc41aadc3b09f50bb76ce08799bf966bf517c05e3fd3f5fd1edb50d36e92fb4ab85dc8c873b7d463b1f506bcc7e3afec87a1fc50f3b5df0bc90e8be20932f22818b7ba3fed01f75bfda1f88ef5f9e65bc67428e29e1f31c3aa31d934b67da5d7e7d3b1b518e1e9be554d47d123f3edee2593efcaedfef3135f5ee8ff00b36f8361fd95f44f8833f863c4fe22d6f51b3bb9a6b9d2ee552dac4c6595249411f7738e3393cd7ccbe3af86be25f86faa3d8788749b8d3e507e5775cc720f5571c30fa1af52f885f1facfc41fb35fc39f877a45d6a56b79a24972fa9c7f7209b7b129821be6c03dc57ec986ad46b53f6b4da945ad1ad533daa4e0936fb1e16975347f726913fdd622af59f88757b79145b6a378ae4e155266e4fd334ba2f86b51f104c23b3b76719e643c22fd4d7b47c3af849e4de449042751d51bf8f1f247f4f4fa9af271d8ec36120dd5b37dbfcfb1e163b1d86c32e592e693da3b9c6d9f89fe24e96ca236d42e0632233179ddb3d0027a56b69ffb44f8834f9bcad52c21b865e1b2a6371f857d516d67e1ff0081fe16b8d6f5db98fed3b30f21e598f68e31df3fad7cefe1bf0af8cbf6dbf8d16fa5e8b67f65b4ce0c9b7f73616d9e64908eadfccf02be4f2aaf4b3fad38fd523ecd7dbdaefb256d7ef38e865f431d0ff68c3c537db4fc8e917f6a2d37c65a87dab5f92ee0bd755469a60245c280a0647a003b579c7c70f1641e32d5b47d33469d6fe2c065f24e77c8e76a8faff8d7e94788bfe093bf08757f0cd959e9d79ae685acdbdbac726a76f75e72dc48060c9245202393ce10a0af22f87fff0004abf12fc3ff008e1e15d5aebc41a5f893c1d637cb7570ea8d05ce10ee5062391d40e8c6beb28f0ed1c362962617bfadf7ebdceba1c33470b8b58a85efe6efbf5d753ee8fd9b7e1ac5f08fe07f83fc2f1a0592cec23339031ba561b9d8fb9626bd2e8e9c0a2bed12b2b1f76959590514514c614514500145145001451450015622ff00562abd588bfd58ab8ee690dcaf4514541985145140051451400514514005145140051451400578c7ed39fb2df85bf69af07b69bac46b67acdba93a7eaf128f36ddbd0ff790f715ec724e2362369381924631fa9a58e6127182a7d0d26949598a51525667e177893c37f13bf620f8872695ad59b9d3677251b96b3bf8c7f1c6dd9b1d4751dfb57d39f093e3b689f10ad164d26f0417c0666d3a7203afae0771ee2bf43be247c32f0b7c5ef0b5d787bc59a45b6b5a54e30d14cbca1ecc8c39561d88208afcbefda23fe09a5e33f84fa94be26f8557d71e22d0e26f345aabedd46cbbf1b7fd6a8f55f9bdbbd7e77c43c2185ce13a91f76a77efeabafaee78589c05fde81f406a0da278bb4e6d3f5cd3edeeed9f868ae630e9f519e87debe5ff008cff00b38f84b41f1269d2f86b469641748cef6f13b49129046303b7e26b88f01fed71ae7852e8e91e38d3a4bf581bcb7ba897cbba8f1c7cc8701fff001d3f5af6bb8fda5be1e43a18d53fb752504716b1c6c6e33e9b3191f53c7bd7e3b4728cef877136a31938bd2d16dc5fddb7cd267cf6228567074e2dabf54735e13f81d7b32c7f6e11e97683fe58c606ff00c8702b63c6df143c1bf01f4b7b4b70975abb2fcb670b06958f63237f08af17f1bfed4fe2bf8857c343f03e9971a7adc379519850cd7b313c00bb46133e8327debddbf66aff00825ff88bc717d6fe25f8bf733689a6c8c26fec449337f739e7f7adff002c81ee396ff77ad7dc60385f1f9a4955cd65cb1fe45fabff00877e85607278d3774aefbf53c27e1c7c2bf89dfb72fc430b6b1bc3a35bc989efe452b676119ea07f79f1d87278ce057ebdfecf7fb3bf853f671f04c3a0786edb74cc035e6a3281e75dc98e598fa7a0e82bb2f04f81fc3df0dfc3b69a0786b4bb5d1b4ab55db15adaa0551ee7d49ee4f26b77cc5e9b867eb5fb0e130747074d52a51492d92e87d9d1c3c68ad371d452060dd0e696bb8ea0a28a2800a28a2800a28a2800a28a2800a28a2800ab117fab155eac45feac55c773486e57a28a2a0cc28a28a0028a28a0028a28a0028a28a0028a28a00ab3b0598e7d14e3e8c6a36c3329c7c9b896f4c1aba541ea3346074c7140197be45da3613f372d91d3d0e3b5281f3ab31c0ddf74e381f876ad30aabd00146c51fc23f2a00f14f8bffb2e7c37f8dd6b2bf88f40b75d51c1c6a96604373d06d2580f987fbc0d7cb56bff00049dd263f195dc9378da66f0e9955d204b65175d3eeeefbb8f7afd0992cd1dcb7033d7e506a558d507a9ea49eb59ca9c65ab4672a5093bb47947c1dfd9d7e1d7c0d808f0a7876d6defd86d7d4e5512dd3fca01cc87919cf21702bd21b3b7e5fbd8f6ebfe39ad1da3d07e546d5dd9c0cfae2ad24b445a4a2ac8a0bb78ddd3be71e9f9e734d42a150b6ddd821f38f53d6b4768ce703346d1e83f2a632a5ab0f354023386fe95729368eb8e696800a28a2800a28a2800a28a2800a28a2800a28a2800ab117fab155eac45feac55c773486e57a28a2a0cc28a28a0028a28a0028a28a0028a28a0028a28a0028a28a0028a28a0028a28a0028a28a0028a28a0028a28a0028a28a0028a28a0028a28a0028a28a0028a28a002ac45feac557ab117fab1571dcd21b9ffd9, 'linear');

-- --------------------------------------------------------

--
-- Structure de la table `students`
--

CREATE TABLE `students` (
  `id_student` int(255) NOT NULL,
  `first_name` varchar(150) NOT NULL,
  `last_name` varchar(150) NOT NULL,
  `annee` int(11) NOT NULL,
  `groupe_student` int(11) NOT NULL,
  `email` varchar(150) NOT NULL,
  `password` varchar(255) NOT NULL,
  `created_at` timestamp NOT NULL DEFAULT current_timestamp()
) ENGINE=InnoDB DEFAULT CHARSET=utf8mb4 COLLATE=utf8mb4_general_ci;

--
-- Déchargement des données de la table `students`
--

INSERT INTO `students` (`id_student`, `first_name`, `last_name`, `annee`, `groupe_student`, `email`, `password`, `created_at`) VALUES
(2, 'Abdelouahab', 'Meridja', 2, 9, 'test@esi.dz', '$2b$10$K8x4NYV8Yf6aSwFcbJobQusLKhDal.S43S.vtRAyTAa0MOrM.nhU.', '2025-03-11 07:57:03');

-- --------------------------------------------------------

--
-- Structure de la table `student_answers`
--

CREATE TABLE `student_answers` (
  `id_student_answer` int(255) NOT NULL,
  `id_attempt` int(11) NOT NULL,
  `id_question` int(11) NOT NULL,
  `student_answer_text` text DEFAULT NULL,
  `correct` int(11) NOT NULL
) ENGINE=InnoDB DEFAULT CHARSET=utf8mb4 COLLATE=utf8mb4_general_ci;

--
-- Déchargement des données de la table `student_answers`
--

INSERT INTO `student_answers` (`id_student_answer`, `id_attempt`, `id_question`, `student_answer_text`, `correct`) VALUES
(161, 40, 44, '2', 0),
(162, 40, 44, '4/2', 1),
(163, 40, 45, 'FALSE', 1);

-- --------------------------------------------------------

--
-- Structure de la table `teachers`
--

CREATE TABLE `teachers` (
  `id_teacher` int(255) NOT NULL,
  `last_name` varchar(150) NOT NULL,
  `first_name` varchar(150) NOT NULL,
  `email` varchar(100) NOT NULL,
  `password` varchar(255) CHARACTER SET big5 COLLATE big5_chinese_ci NOT NULL,
  `created_at` timestamp NOT NULL DEFAULT current_timestamp()
) ENGINE=InnoDB DEFAULT CHARSET=utf8mb4 COLLATE=utf8mb4_general_ci;

--
-- Déchargement des données de la table `teachers`
--

INSERT INTO `teachers` (`id_teacher`, `last_name`, `first_name`, `email`, `password`, `created_at`) VALUES
(12, 'Meridja', 'Abdelouahab', 'test@gmail.com', '$2b$10$1Vl4dcJqJTawN70GVIjKJuTk4kMl2aBR0WMOqgnahUBFfL7WU.GDC', '2025-03-22 10:13:24');

--
-- Index pour les tables déchargées
--

--
-- Index pour la table `admins`
--
ALTER TABLE `admins`
  ADD PRIMARY KEY (`id_admin`),
  ADD UNIQUE KEY `email` (`email`);

--
-- Index pour la table `answers`
--
ALTER TABLE `answers`
  ADD PRIMARY KEY (`id_answer`),
  ADD KEY `id_question` (`id_question`);

--
-- Index pour la table `attempts`
--
ALTER TABLE `attempts`
  ADD PRIMARY KEY (`id_attempt`),
  ADD KEY `id_student` (`id_student`),
  ADD KEY `id_quiz` (`id_quiz`);

--
-- Index pour la table `published_quizzes`
--
ALTER TABLE `published_quizzes`
  ADD PRIMARY KEY (`id_published`),
  ADD KEY `id_quiz` (`id_quiz`);

--
-- Index pour la table `questions`
--
ALTER TABLE `questions`
  ADD PRIMARY KEY (`id_question`),
  ADD KEY `id_quiz` (`id_quiz`);

--
-- Index pour la table `quizzes`
--
ALTER TABLE `quizzes`
  ADD PRIMARY KEY (`id_quiz`),
  ADD KEY `id_teacher` (`id_teacher`) USING BTREE;

--
-- Index pour la table `students`
--
ALTER TABLE `students`
  ADD PRIMARY KEY (`id_student`),
  ADD UNIQUE KEY `email` (`email`);

--
-- Index pour la table `student_answers`
--
ALTER TABLE `student_answers`
  ADD PRIMARY KEY (`id_student_answer`),
  ADD KEY `id_attempt` (`id_attempt`),
  ADD KEY `id_question` (`id_question`);

--
-- Index pour la table `teachers`
--
ALTER TABLE `teachers`
  ADD PRIMARY KEY (`id_teacher`),
  ADD UNIQUE KEY `email` (`email`);

--
-- AUTO_INCREMENT pour les tables déchargées
--

--
-- AUTO_INCREMENT pour la table `admins`
--
ALTER TABLE `admins`
  MODIFY `id_admin` int(11) NOT NULL AUTO_INCREMENT, AUTO_INCREMENT=4;

--
-- AUTO_INCREMENT pour la table `answers`
--
ALTER TABLE `answers`
  MODIFY `id_answer` int(255) NOT NULL AUTO_INCREMENT, AUTO_INCREMENT=95;

--
-- AUTO_INCREMENT pour la table `attempts`
--
ALTER TABLE `attempts`
  MODIFY `id_attempt` int(255) NOT NULL AUTO_INCREMENT, AUTO_INCREMENT=41;

--
-- AUTO_INCREMENT pour la table `published_quizzes`
--
ALTER TABLE `published_quizzes`
  MODIFY `id_published` int(11) NOT NULL AUTO_INCREMENT;

--
-- AUTO_INCREMENT pour la table `questions`
--
ALTER TABLE `questions`
  MODIFY `id_question` int(255) NOT NULL AUTO_INCREMENT, AUTO_INCREMENT=48;

--
-- AUTO_INCREMENT pour la table `quizzes`
--
ALTER TABLE `quizzes`
  MODIFY `id_quiz` int(255) NOT NULL AUTO_INCREMENT, AUTO_INCREMENT=56;

--
-- AUTO_INCREMENT pour la table `students`
--
ALTER TABLE `students`
  MODIFY `id_student` int(255) NOT NULL AUTO_INCREMENT, AUTO_INCREMENT=4;

--
-- AUTO_INCREMENT pour la table `student_answers`
--
ALTER TABLE `student_answers`
  MODIFY `id_student_answer` int(255) NOT NULL AUTO_INCREMENT, AUTO_INCREMENT=164;

--
-- AUTO_INCREMENT pour la table `teachers`
--
ALTER TABLE `teachers`
  MODIFY `id_teacher` int(255) NOT NULL AUTO_INCREMENT, AUTO_INCREMENT=13;

--
-- Contraintes pour les tables déchargées
--

--
-- Contraintes pour la table `answers`
--
ALTER TABLE `answers`
  ADD CONSTRAINT `answers_ibfk_1` FOREIGN KEY (`id_question`) REFERENCES `questions` (`id_question`) ON DELETE CASCADE ON UPDATE CASCADE;

--
-- Contraintes pour la table `attempts`
--
ALTER TABLE `attempts`
  ADD CONSTRAINT `attempts_ibfk_1` FOREIGN KEY (`id_student`) REFERENCES `students` (`id_student`) ON DELETE CASCADE ON UPDATE CASCADE,
  ADD CONSTRAINT `attempts_ibfk_2` FOREIGN KEY (`id_quiz`) REFERENCES `quizzes` (`id_quiz`) ON DELETE CASCADE ON UPDATE CASCADE;

--
-- Contraintes pour la table `published_quizzes`
--
ALTER TABLE `published_quizzes`
  ADD CONSTRAINT `published_quizzes_ibfk_1` FOREIGN KEY (`id_quiz`) REFERENCES `quizzes` (`id_quiz`) ON DELETE CASCADE ON UPDATE CASCADE;

--
-- Contraintes pour la table `questions`
--
ALTER TABLE `questions`
  ADD CONSTRAINT `questions_ibfk_1` FOREIGN KEY (`id_quiz`) REFERENCES `quizzes` (`id_quiz`) ON DELETE CASCADE ON UPDATE CASCADE;

--
-- Contraintes pour la table `quizzes`
--
ALTER TABLE `quizzes`
  ADD CONSTRAINT `quizzes_ibfk_1` FOREIGN KEY (`id_teacher`) REFERENCES `teachers` (`id_teacher`) ON DELETE CASCADE ON UPDATE CASCADE;

--
-- Contraintes pour la table `student_answers`
--
ALTER TABLE `student_answers`
  ADD CONSTRAINT `student_answers_ibfk_2` FOREIGN KEY (`id_attempt`) REFERENCES `attempts` (`id_attempt`) ON DELETE CASCADE ON UPDATE CASCADE,
  ADD CONSTRAINT `student_answers_ibfk_3` FOREIGN KEY (`id_question`) REFERENCES `questions` (`id_question`) ON DELETE CASCADE ON UPDATE CASCADE;
COMMIT;

/*!40101 SET CHARACTER_SET_CLIENT=@OLD_CHARACTER_SET_CLIENT */;
/*!40101 SET CHARACTER_SET_RESULTS=@OLD_CHARACTER_SET_RESULTS */;
/*!40101 SET COLLATION_CONNECTION=@OLD_COLLATION_CONNECTION */;
